iter	readout	layer_idx	layer	within	between	separation	z	p	minpair
20000	final	0	embed	-0.0938	-0.0211	-0.0727	-1.213	0.9260	0
20000	final	1	L00	-0.0820	-0.0279	-0.0541	-0.867	0.8320	2
20000	final	2	L01	-0.0829	-0.0279	-0.0551	-0.833	0.8180	2
20000	final	3	L02	-0.0888	-0.0276	-0.0612	-1.098	0.8740	0
20000	final	4	L03	-0.0945	-0.0256	-0.0688	-1.532	0.9760	0
20000	final	5	L04	-0.0936	-0.0253	-0.0683	-1.697	0.9900	0
20000	final	6	L05	-0.0926	-0.0279	-0.0648	-1.934	0.9970	0
20000	final	7	L06	-0.0926	-0.0280	-0.0646	-1.931	0.9960	0
20000	final	8	L07	-0.0914	-0.0292	-0.0621	-2.000	0.9950	0
20000	final	9	L08	-0.0903	-0.0299	-0.0604	-2.049	0.9960	0
20000	final	10	L09	-0.0874	-0.0326	-0.0548	-1.824	0.9890	0
20000	final	11	L10	-0.0861	-0.0339	-0.0522	-1.784	0.9840	0
20000	final	12	L11	-0.0854	-0.0344	-0.0511	-1.888	0.9850	0
20000	final	13	L12	-0.0829	-0.0366	-0.0463	-1.726	0.9780	0
20000	final	14	L13	-0.0814	-0.0381	-0.0433	-1.668	0.9620	0
20000	final	15	L14	-0.0811	-0.0384	-0.0428	-1.626	0.9580	0
20000	final	16	L15	-0.0816	-0.0379	-0.0437	-1.608	0.9610	0
20000	after	0	embed	-0.1088	-0.0070	-0.1018	-0.821	1.0000	1
20000	after	1	L00	-0.1076	-0.0123	-0.0953	-0.998	0.9390	0
20000	after	2	L01	-0.1002	-0.0197	-0.0804	-1.174	0.9390	0
20000	after	3	L02	-0.0938	-0.0237	-0.0701	-1.161	0.9020	0
20000	after	4	L03	-0.0962	-0.0242	-0.0720	-1.489	0.9840	0
20000	after	5	L04	-0.0943	-0.0264	-0.0679	-1.521	0.9860	0
20000	after	6	L05	-0.0881	-0.0322	-0.0559	-1.507	0.9710	0
20000	after	7	L06	-0.0839	-0.0360	-0.0479	-1.342	0.9420	0
20000	after	8	L07	-0.0829	-0.0366	-0.0463	-1.372	0.9510	0
20000	after	9	L08	-0.0763	-0.0427	-0.0336	-1.104	0.8820	0
20000	after	10	L09	-0.0710	-0.0472	-0.0237	-0.769	0.7550	0
20000	after	11	L10	-0.0692	-0.0488	-0.0204	-0.706	0.7440	0
20000	after	12	L11	-0.0623	-0.0548	-0.0075	-0.252	0.5490	0
20000	after	13	L12	-0.0592	-0.0575	-0.0017	-0.036	0.4680	0
20000	after	14	L13	-0.0563	-0.0598	0.0035	0.127	0.4040	0
20000	after	15	L14	-0.0533	-0.0623	0.0090	0.251	0.3660	0
20000	after	16	L15	-0.0534	-0.0620	0.0086	0.243	0.3590	0
40000	final	0	embed	-0.0941	-0.0210	-0.0731	-1.207	0.9240	0
40000	final	1	L00	-0.0861	-0.0252	-0.0609	-0.936	0.8280	2
40000	final	2	L01	-0.0874	-0.0250	-0.0624	-0.949	0.8510	2
40000	final	3	L02	-0.0935	-0.0269	-0.0666	-1.215	0.9310	0
40000	final	4	L03	-0.0934	-0.0273	-0.0661	-1.592	0.9840	0
40000	final	5	L04	-0.0883	-0.0316	-0.0567	-1.495	0.9600	0
40000	final	6	L05	-0.0866	-0.0334	-0.0531	-1.758	0.9760	0
40000	final	7	L06	-0.0846	-0.0353	-0.0493	-1.864	0.9800	0
40000	final	8	L07	-0.0809	-0.0386	-0.0423	-1.612	0.9670	0
40000	final	9	L08	-0.0791	-0.0402	-0.0389	-1.552	0.9600	0
40000	final	10	L09	-0.0760	-0.0429	-0.0331	-1.363	0.9250	0
40000	final	11	L10	-0.0732	-0.0455	-0.0277	-1.151	0.8770	0
40000	final	12	L11	-0.0713	-0.0472	-0.0242	-0.966	0.8370	0
40000	final	13	L12	-0.0659	-0.0520	-0.0139	-0.623	0.7220	0
40000	final	14	L13	-0.0629	-0.0546	-0.0084	-0.396	0.6470	0
40000	final	15	L14	-0.0632	-0.0543	-0.0089	-0.360	0.6130	0
40000	final	16	L15	-0.0622	-0.0551	-0.0071	-0.311	0.5820	0
40000	after	0	embed	-0.1095	-0.0078	-0.1017	-0.753	1.0000	1
40000	after	1	L00	-0.1083	-0.0078	-0.1005	-1.227	0.9810	0
40000	after	2	L01	-0.1000	-0.0169	-0.0832	-1.284	0.9610	0
40000	after	3	L02	-0.0994	-0.0186	-0.0808	-1.305	0.9710	0
40000	after	4	L03	-0.0947	-0.0259	-0.0687	-1.533	0.9800	0
40000	after	5	L04	-0.0889	-0.0306	-0.0583	-1.453	0.9730	0
40000	after	6	L05	-0.0642	-0.0533	-0.0108	-0.353	0.6020	0
40000	after	7	L06	-0.0476	-0.0681	0.0205	0.670	0.2310	0
40000	after	8	L07	-0.0369	-0.0775	0.0406	1.414	0.0880	0
40000	after	9	L08	-0.0146	-0.0972	0.0826	3.000	0.0040	0
40000	after	10	L09	0.0025	-0.1115	0.1140	4.010	0.0010	2
40000	after	11	L10	0.0092	-0.1171	0.1264	4.166	0.0000	2
40000	after	12	L11	0.0254	-0.1306	0.1560	4.868	0.0000	6
40000	after	13	L12	0.0324	-0.1366	0.1689	5.115	0.0010	6
40000	after	14	L13	0.0364	-0.1398	0.1762	5.248	0.0010	6
40000	after	15	L14	0.0411	-0.1437	0.1847	5.150	0.0000	6
40000	after	16	L15	0.0486	-0.1495	0.1982	5.110	0.0000	6
60000	final	0	embed	-0.0957	-0.0195	-0.0762	-1.340	0.9640	0
60000	final	1	L00	-0.0818	-0.0242	-0.0575	-0.897	0.8220	2
60000	final	2	L01	-0.0822	-0.0248	-0.0574	-0.907	0.8330	2
60000	final	3	L02	-0.0909	-0.0266	-0.0643	-1.198	0.9210	0
60000	final	4	L03	-0.0892	-0.0304	-0.0589	-1.427	0.9590	0
60000	final	5	L04	-0.0838	-0.0352	-0.0486	-1.468	0.9530	0
60000	final	6	L05	-0.0836	-0.0360	-0.0476	-1.566	0.9690	0
60000	final	7	L06	-0.0799	-0.0395	-0.0405	-1.432	0.9410	0
60000	final	8	L07	-0.0720	-0.0467	-0.0253	-1.020	0.8460	0
60000	final	9	L08	-0.0706	-0.0479	-0.0228	-0.869	0.8040	0
60000	final	10	L09	-0.0684	-0.0499	-0.0186	-0.746	0.7580	0
60000	final	11	L10	-0.0670	-0.0512	-0.0158	-0.712	0.7470	0
60000	final	12	L11	-0.0646	-0.0534	-0.0112	-0.458	0.6490	0
60000	final	13	L12	-0.0600	-0.0575	-0.0025	-0.112	0.5280	0
60000	final	14	L13	-0.0579	-0.0594	0.0015	0.074	0.4510	0
60000	final	15	L14	-0.0568	-0.0603	0.0034	0.146	0.4230	0
60000	final	16	L15	-0.0581	-0.0591	0.0010	0.049	0.4450	0
60000	after	0	embed	-0.1107	-0.0091	-0.1015	-0.824	0.7110	1
60000	after	1	L00	-0.1019	0.0037	-0.1056	-1.191	0.9830	0
60000	after	2	L01	-0.1054	-0.0160	-0.0895	-1.301	0.9720	0
60000	after	3	L02	-0.0995	-0.0189	-0.0806	-1.340	0.9590	0
60000	after	4	L03	-0.0960	-0.0240	-0.0720	-1.720	0.9930	0
60000	after	5	L04	-0.0874	-0.0315	-0.0559	-1.438	0.9610	0
60000	after	6	L05	-0.0505	-0.0654	0.0148	0.502	0.2810	0
60000	after	7	L06	-0.0194	-0.0932	0.0738	2.639	0.0150	0
60000	after	8	L07	-0.0040	-0.1067	0.1027	3.434	0.0020	2
60000	after	9	L08	0.0356	-0.1413	0.1770	6.174	0.0000	4
60000	after	10	L09	0.0544	-0.1575	0.2119	7.184	0.0000	5
60000	after	11	L10	0.0593	-0.1617	0.2210	7.158	0.0010	6
60000	after	12	L11	0.0798	-0.1799	0.2597	8.154	0.0000	7
60000	after	13	L12	0.0859	-0.1852	0.2711	8.422	0.0000	7
60000	after	14	L13	0.0931	-0.1915	0.2847	8.197	0.0000	9
60000	after	15	L14	0.0966	-0.1946	0.2912	7.904	0.0000	8
60000	after	16	L15	0.1135	-0.2095	0.3230	8.441	0.0000	8
80000	final	0	embed	-0.0951	-0.0190	-0.0761	-1.279	0.9500	0
80000	final	1	L00	-0.0836	-0.0256	-0.0580	-0.887	0.8320	2
80000	final	2	L01	-0.0837	-0.0256	-0.0581	-0.882	0.8220	2
80000	final	3	L02	-0.0913	-0.0263	-0.0649	-1.175	0.9130	0
80000	final	4	L03	-0.0868	-0.0321	-0.0547	-1.422	0.9460	0
80000	final	5	L04	-0.0825	-0.0364	-0.0462	-1.358	0.9450	0
80000	final	6	L05	-0.0807	-0.0381	-0.0425	-1.548	0.9540	0
80000	final	7	L06	-0.0759	-0.0426	-0.0333	-1.302	0.9130	0
80000	final	8	L07	-0.0664	-0.0512	-0.0151	-0.652	0.7220	0
80000	final	9	L08	-0.0646	-0.0529	-0.0117	-0.537	0.6900	0
80000	final	10	L09	-0.0628	-0.0546	-0.0082	-0.307	0.5930	0
80000	final	11	L10	-0.0614	-0.0558	-0.0056	-0.248	0.5740	0
80000	final	12	L11	-0.0577	-0.0592	0.0016	0.060	0.4580	0
80000	final	13	L12	-0.0531	-0.0634	0.0103	0.518	0.2820	0
80000	final	14	L13	-0.0505	-0.0658	0.0153	0.655	0.2480	0
80000	final	15	L14	-0.0517	-0.0649	0.0132	0.596	0.2710	0
80000	final	16	L15	-0.0523	-0.0644	0.0121	0.592	0.2630	0
80000	after	0	embed	-0.1105	-0.0089	-0.1016	-0.792	0.7800	1
80000	after	1	L00	-0.0980	-0.0102	-0.0878	-1.017	0.8880	0
80000	after	2	L01	-0.0998	-0.0201	-0.0797	-1.200	0.9420	0
80000	after	3	L02	-0.0995	-0.0199	-0.0797	-1.319	0.9680	0
80000	after	4	L03	-0.0930	-0.0267	-0.0663	-1.576	0.9870	0
80000	after	5	L04	-0.0806	-0.0382	-0.0424	-1.214	0.9240	0
80000	after	6	L05	-0.0507	-0.0650	0.0143	0.503	0.2820	0
80000	after	7	L06	-0.0204	-0.0923	0.0719	2.750	0.0110	1
80000	after	8	L07	0.0098	-0.1190	0.1287	4.596	0.0000	3
80000	after	9	L08	0.0516	-0.1552	0.2068	6.837	0.0000	6
80000	after	10	L09	0.0742	-0.1744	0.2485	8.077	0.0000	6
80000	after	11	L10	0.0835	-0.1823	0.2658	8.490	0.0000	7
80000	after	12	L11	0.1059	-0.2027	0.3087	9.671	0.0000	8
80000	after	13	L12	0.1171	-0.2125	0.3296	8.632	0.0000	8
80000	after	14	L13	0.1269	-0.2211	0.3479	9.098	0.0000	8
80000	after	15	L14	0.1353	-0.2285	0.3638	9.030	0.0000	8
80000	after	16	L15	0.1695	-0.2590	0.4285	11.792	0.0000	8
100000	final	0	embed	-0.0946	-0.0190	-0.0756	-1.279	0.9450	0
100000	final	1	L00	-0.0847	-0.0274	-0.0572	-0.867	0.8140	2
100000	final	2	L01	-0.0845	-0.0281	-0.0565	-0.863	0.8040	2
100000	final	3	L02	-0.0905	-0.0279	-0.0626	-1.082	0.8890	0
100000	final	4	L03	-0.0881	-0.0317	-0.0564	-1.484	0.9600	0
100000	final	5	L04	-0.0841	-0.0353	-0.0488	-1.490	0.9610	0
100000	final	6	L05	-0.0808	-0.0381	-0.0428	-1.559	0.9650	0
100000	final	7	L06	-0.0727	-0.0453	-0.0274	-1.096	0.8710	0
100000	final	8	L07	-0.0598	-0.0572	-0.0026	-0.130	0.5240	0
100000	final	9	L08	-0.0582	-0.0586	0.0004	0.008	0.4560	0
100000	final	10	L09	-0.0561	-0.0604	0.0043	0.153	0.4000	0
100000	final	11	L10	-0.0538	-0.0626	0.0087	0.406	0.3040	0
100000	final	12	L11	-0.0479	-0.0679	0.0201	0.980	0.1690	0
100000	final	13	L12	-0.0424	-0.0730	0.0306	1.444	0.0830	0
100000	final	14	L13	-0.0398	-0.0754	0.0356	1.797	0.0400	0
100000	final	15	L14	-0.0365	-0.0783	0.0418	2.105	0.0260	0
100000	final	16	L15	-0.0366	-0.0782	0.0416	1.811	0.0490	0
100000	after	0	embed	-0.1111	-0.0096	-0.1015	-0.775	1.0000	1
100000	after	1	L00	-0.1059	-0.0013	-0.1046	-1.271	0.9840	0
100000	after	2	L01	-0.1016	-0.0167	-0.0848	-1.236	0.9800	0
100000	after	3	L02	-0.0995	-0.0196	-0.0799	-1.337	0.9630	0
100000	after	4	L03	-0.0917	-0.0279	-0.0638	-1.595	0.9870	0
100000	after	5	L04	-0.0825	-0.0358	-0.0467	-1.346	0.9450	0
100000	after	6	L05	-0.0565	-0.0597	0.0031	0.067	0.4310	0
100000	after	7	L06	-0.0292	-0.0841	0.0549	2.128	0.0330	0
100000	after	8	L07	0.0004	-0.1101	0.1105	4.056	0.0000	1
100000	after	9	L08	0.0621	-0.1638	0.2260	7.930	0.0000	8
100000	after	10	L09	0.0824	-0.1807	0.2631	8.483	0.0000	9
100000	after	11	L10	0.0936	-0.1899	0.2835	9.069	0.0000	9
100000	after	12	L11	0.1168	-0.2114	0.3282	9.775	0.0000	9
100000	after	13	L12	0.1213	-0.2152	0.3364	10.083	0.0000	9
100000	after	14	L13	0.1250	-0.2182	0.3432	9.548	0.0000	9
100000	after	15	L14	0.1308	-0.2229	0.3537	9.776	0.0000	9
100000	after	16	L15	0.1634	-0.2510	0.4144	9.708	0.0000	9
120000	final	0	embed	-0.0938	-0.0187	-0.0751	-1.268	0.9440	0
120000	final	1	L00	-0.0845	-0.0284	-0.0561	-0.829	0.8080	2
120000	final	2	L01	-0.0856	-0.0282	-0.0574	-0.872	0.8230	2
120000	final	3	L02	-0.0920	-0.0265	-0.0655	-1.220	0.9360	0
120000	final	4	L03	-0.0878	-0.0315	-0.0563	-1.577	0.9710	0
120000	final	5	L04	-0.0790	-0.0391	-0.0399	-1.290	0.9260	0
120000	final	6	L05	-0.0764	-0.0421	-0.0343	-1.385	0.9290	0
120000	final	7	L06	-0.0677	-0.0500	-0.0177	-0.807	0.7770	0
120000	final	8	L07	-0.0563	-0.0603	0.0040	0.258	0.3920	0
120000	final	9	L08	-0.0524	-0.0639	0.0115	0.566	0.2650	0
120000	final	10	L09	-0.0500	-0.0662	0.0163	0.783	0.2250	0
120000	final	11	L10	-0.0489	-0.0672	0.0184	0.937	0.1730	0
120000	final	12	L11	-0.0486	-0.0675	0.0189	1.024	0.1520	0
120000	final	13	L12	-0.0442	-0.0715	0.0273	1.423	0.0880	0
120000	final	14	L13	-0.0435	-0.0722	0.0287	1.469	0.0710	0
120000	final	15	L14	-0.0430	-0.0726	0.0296	1.429	0.0870	0
120000	final	16	L15	-0.0446	-0.0712	0.0266	1.283	0.1060	0
120000	after	0	embed	-0.1112	-0.0097	-0.1015	-0.791	1.0000	1
120000	after	1	L00	-0.1096	-0.0080	-0.1015	-1.084	0.9770	0
120000	after	2	L01	-0.1017	-0.0157	-0.0859	-1.178	0.9680	0
120000	after	3	L02	-0.1003	-0.0193	-0.0810	-1.425	0.9730	0
120000	after	4	L03	-0.0895	-0.0300	-0.0595	-1.461	0.9800	0
120000	after	5	L04	-0.0797	-0.0376	-0.0421	-1.247	0.9220	0
120000	after	6	L05	-0.0401	-0.0734	0.0334	1.193	0.1110	0
120000	after	7	L06	-0.0027	-0.1061	0.1034	3.893	0.0000	1
120000	after	8	L07	0.0431	-0.1465	0.1896	6.342	0.0000	5
120000	after	9	L08	0.0881	-0.1852	0.2732	8.315	0.0000	8
120000	after	10	L09	0.1042	-0.1985	0.3027	9.236	0.0000	9
120000	after	11	L10	0.1085	-0.2018	0.3104	8.968	0.0000	9
120000	after	12	L11	0.1202	-0.2132	0.3334	9.340	0.0000	9
120000	after	13	L12	0.1225	-0.2150	0.3375	10.200	0.0000	9
120000	after	14	L13	0.1268	-0.2185	0.3454	9.421	0.0000	8
120000	after	15	L14	0.1283	-0.2195	0.3478	9.706	0.0000	8
120000	after	16	L15	0.1373	-0.2247	0.3619	10.104	0.0000	9
140000	final	0	embed	-0.0931	-0.0182	-0.0750	-1.261	0.9290	0
140000	final	1	L00	-0.0856	-0.0236	-0.0620	-0.899	0.8250	2
140000	final	2	L01	-0.0861	-0.0249	-0.0613	-0.952	0.8260	2
140000	final	3	L02	-0.0909	-0.0271	-0.0638	-1.182	0.9110	0
140000	final	4	L03	-0.0861	-0.0327	-0.0534	-1.561	0.9790	0
140000	final	5	L04	-0.0792	-0.0386	-0.0406	-1.393	0.9360	0
140000	final	6	L05	-0.0751	-0.0430	-0.0322	-1.286	0.9190	0
140000	final	7	L06	-0.0640	-0.0531	-0.0109	-0.476	0.6650	0
140000	final	8	L07	-0.0504	-0.0655	0.0151	0.741	0.2240	0
140000	final	9	L08	-0.0464	-0.0691	0.0227	1.042	0.1530	0
140000	final	10	L09	-0.0427	-0.0725	0.0298	1.461	0.0810	0
140000	final	11	L10	-0.0408	-0.0742	0.0334	1.673	0.0570	0
140000	final	12	L11	-0.0369	-0.0778	0.0408	2.231	0.0200	0
140000	final	13	L12	-0.0317	-0.0824	0.0507	2.721	0.0090	0
140000	final	14	L13	-0.0282	-0.0855	0.0572	2.996	0.0040	0
140000	final	15	L14	-0.0283	-0.0854	0.0570	2.719	0.0140	0
140000	final	16	L15	-0.0255	-0.0877	0.0622	2.416	0.0170	0
140000	after	0	embed	-0.1118	-0.0105	-0.1013	-0.772	0.9980	1
140000	after	1	L00	-0.1036	-0.0129	-0.0907	-0.983	0.8980	0
140000	after	2	L01	-0.0988	-0.0190	-0.0798	-1.136	0.9440	0
140000	after	3	L02	-0.0977	-0.0219	-0.0758	-1.254	0.9360	0
140000	after	4	L03	-0.0874	-0.0310	-0.0564	-1.507	0.9720	0
140000	after	5	L04	-0.0788	-0.0390	-0.0398	-1.192	0.9000	0
140000	after	6	L05	-0.0402	-0.0728	0.0326	1.215	0.1190	0
140000	after	7	L06	-0.0011	-0.1081	0.1070	4.361	0.0000	1
140000	after	8	L07	0.0341	-0.1389	0.1730	6.363	0.0000	3
140000	after	9	L08	0.0990	-0.1948	0.2939	9.177	0.0000	8
140000	after	10	L09	0.1157	-0.2087	0.3244	9.575	0.0000	9
140000	after	11	L10	0.1291	-0.2200	0.3491	9.862	0.0000	9
140000	after	12	L11	0.1396	-0.2306	0.3701	9.801	0.0000	9
140000	after	13	L12	0.1462	-0.2363	0.3824	10.330	0.0000	9
140000	after	14	L13	0.1521	-0.2411	0.3932	10.251	0.0000	9
140000	after	15	L14	0.1541	-0.2428	0.3969	9.605	0.0010	9
140000	after	16	L15	0.1680	-0.2544	0.4224	8.519	0.0010	9
160000	final	0	embed	-0.0925	-0.0183	-0.0742	-1.304	0.9440	0
160000	final	1	L00	-0.0867	-0.0275	-0.0591	-0.866	0.8070	2
160000	final	2	L01	-0.0865	-0.0280	-0.0585	-0.865	0.8040	2
160000	final	3	L02	-0.0921	-0.0267	-0.0653	-1.220	0.9360	0
160000	final	4	L03	-0.0865	-0.0330	-0.0535	-1.610	0.9740	0
160000	final	5	L04	-0.0805	-0.0390	-0.0415	-1.403	0.9420	0
160000	final	6	L05	-0.0751	-0.0436	-0.0315	-1.232	0.9040	0
160000	final	7	L06	-0.0639	-0.0536	-0.0103	-0.450	0.6530	0
160000	final	8	L07	-0.0476	-0.0682	0.0205	1.030	0.1540	0
160000	final	9	L08	-0.0404	-0.0746	0.0341	1.475	0.0860	0
160000	final	10	L09	-0.0384	-0.0765	0.0382	1.757	0.0440	0
160000	final	11	L10	-0.0371	-0.0777	0.0406	1.824	0.0460	0
160000	final	12	L11	-0.0362	-0.0784	0.0422	2.074	0.0340	0
160000	final	13	L12	-0.0305	-0.0835	0.0530	2.661	0.0050	0
160000	final	14	L13	-0.0280	-0.0856	0.0577	2.765	0.0070	0
160000	final	15	L14	-0.0293	-0.0844	0.0551	2.751	0.0100	0
160000	final	16	L15	-0.0299	-0.0837	0.0539	2.477	0.0140	0
160000	after	0	embed	-0.1110	-0.0095	-0.1015	-0.816	0.6900	1
160000	after	1	L00	-0.1081	-0.0029	-0.1052	-1.166	0.9850	0
160000	after	2	L01	-0.1022	-0.0149	-0.0872	-1.240	0.9590	0
160000	after	3	L02	-0.0975	-0.0215	-0.0761	-1.294	0.9470	0
160000	after	4	L03	-0.0877	-0.0305	-0.0573	-1.480	0.9770	0
160000	after	5	L04	-0.0777	-0.0383	-0.0394	-1.192	0.9130	0
160000	after	6	L05	-0.0426	-0.0715	0.0289	1.016	0.1600	0
160000	after	7	L06	-0.0048	-0.1048	0.1000	3.922	0.0000	2
160000	after	8	L07	0.0392	-0.1432	0.1824	6.392	0.0000	3
160000	after	9	L08	0.1076	-0.2012	0.3088	9.617	0.0000	9
160000	after	10	L09	0.1198	-0.2111	0.3309	9.921	0.0000	9
160000	after	11	L10	0.1268	-0.2167	0.3435	9.859	0.0000	9
160000	after	12	L11	0.1338	-0.2246	0.3583	9.783	0.0000	9
160000	after	13	L12	0.1349	-0.2253	0.3602	8.842	0.0000	9
160000	after	14	L13	0.1363	-0.2264	0.3627	9.220	0.0000	9
160000	after	15	L14	0.1349	-0.2251	0.3599	9.370	0.0000	9
160000	after	16	L15	0.1414	-0.2309	0.3723	10.236	0.0000	9
180000	final	0	embed	-0.0923	-0.0181	-0.0742	-1.259	0.9400	0
180000	final	1	L00	-0.0853	-0.0261	-0.0592	-0.843	0.8090	2
180000	final	2	L01	-0.0842	-0.0263	-0.0579	-0.842	0.8020	2
180000	final	3	L02	-0.0889	-0.0265	-0.0624	-1.205	0.9130	0
180000	final	4	L03	-0.0858	-0.0323	-0.0535	-1.538	0.9610	0
180000	final	5	L04	-0.0777	-0.0405	-0.0372	-1.207	0.9030	0
180000	final	6	L05	-0.0723	-0.0459	-0.0264	-1.077	0.8570	0
180000	final	7	L06	-0.0618	-0.0553	-0.0065	-0.255	0.5820	0
180000	final	8	L07	-0.0434	-0.0719	0.0284	1.284	0.1000	0
180000	final	9	L08	-0.0381	-0.0766	0.0384	1.841	0.0380	0
180000	final	10	L09	-0.0362	-0.0784	0.0423	2.093	0.0310	0
180000	final	11	L10	-0.0356	-0.0789	0.0433	2.067	0.0320	0
180000	final	12	L11	-0.0321	-0.0820	0.0499	2.438	0.0140	0
180000	final	13	L12	-0.0271	-0.0864	0.0592	3.020	0.0060	0
180000	final	14	L13	-0.0253	-0.0879	0.0626	3.204	0.0030	0
180000	final	15	L14	-0.0269	-0.0865	0.0596	3.128	0.0030	0
180000	final	16	L15	-0.0264	-0.0866	0.0601	2.743	0.0060	0
180000	after	0	embed	-0.1115	-0.0102	-0.1014	-0.738	0.6940	1
180000	after	1	L00	-0.1054	-0.0069	-0.0986	-1.040	0.9520	0
180000	after	2	L01	-0.1011	-0.0146	-0.0865	-1.238	0.9690	0
180000	after	3	L02	-0.0984	-0.0205	-0.0778	-1.312	0.9620	0
180000	after	4	L03	-0.0885	-0.0305	-0.0580	-1.472	0.9780	0
180000	after	5	L04	-0.0768	-0.0399	-0.0369	-1.194	0.9010	0
180000	after	6	L05	-0.0342	-0.0790	0.0448	1.716	0.0670	0
180000	after	7	L06	0.0135	-0.1208	0.1343	5.043	0.0010	4
180000	after	8	L07	0.0739	-0.1736	0.2476	7.911	0.0000	7
180000	after	9	L08	0.1327	-0.2236	0.3563	10.270	0.0000	9
180000	after	10	L09	0.1407	-0.2295	0.3702	10.442	0.0000	9
180000	after	11	L10	0.1494	-0.2365	0.3859	9.546	0.0000	9
180000	after	12	L11	0.1588	-0.2474	0.4062	9.853	0.0000	9
180000	after	13	L12	0.1639	-0.2519	0.4158	10.379	0.0000	9
180000	after	14	L13	0.1669	-0.2543	0.4211	9.285	0.0000	9
180000	after	15	L14	0.1672	-0.2544	0.4216	9.465	0.0000	9
180000	after	16	L15	0.1895	-0.2733	0.4628	9.998	0.0000	9
200000	final	0	embed	-0.0927	-0.0174	-0.0752	-1.196	0.9390	0
200000	final	1	L00	-0.0868	-0.0282	-0.0586	-0.885	0.8090	2
200000	final	2	L01	-0.0854	-0.0292	-0.0563	-0.858	0.7970	2
200000	final	3	L02	-0.0918	-0.0262	-0.0656	-1.248	0.9290	0
200000	final	4	L03	-0.0865	-0.0325	-0.0540	-1.645	0.9820	0
200000	final	5	L04	-0.0786	-0.0401	-0.0385	-1.313	0.9310	0
200000	final	6	L05	-0.0733	-0.0446	-0.0287	-1.157	0.8850	0
200000	final	7	L06	-0.0627	-0.0542	-0.0084	-0.357	0.5970	0
200000	final	8	L07	-0.0432	-0.0719	0.0287	1.370	0.0860	0
200000	final	9	L08	-0.0347	-0.0796	0.0448	2.108	0.0290	0
200000	final	10	L09	-0.0292	-0.0846	0.0554	2.681	0.0100	0
200000	final	11	L10	-0.0290	-0.0849	0.0558	2.792	0.0040	0
200000	final	12	L11	-0.0273	-0.0864	0.0592	3.034	0.0080	0
200000	final	13	L12	-0.0216	-0.0915	0.0699	3.498	0.0000	0
200000	final	14	L13	-0.0222	-0.0910	0.0688	3.506	0.0010	0
200000	final	15	L14	-0.0212	-0.0919	0.0707	3.677	0.0010	1
200000	final	16	L15	-0.0239	-0.0894	0.0655	2.991	0.0040	2
200000	after	0	embed	-0.1102	-0.0086	-0.1016	-0.789	0.6800	1
200000	after	1	L00	-0.1064	0.0030	-0.1094	-1.202	0.9960	0
200000	after	2	L01	-0.1004	-0.0158	-0.0846	-1.291	0.9660	0
200000	after	3	L02	-0.0994	-0.0200	-0.0794	-1.313	0.9700	0
200000	after	4	L03	-0.0889	-0.0303	-0.0585	-1.629	0.9890	0
200000	after	5	L04	-0.0761	-0.0406	-0.0354	-1.168	0.9090	0
200000	after	6	L05	-0.0442	-0.0698	0.0256	1.023	0.1400	0
200000	after	7	L06	-0.0067	-0.1029	0.0962	4.096	0.0000	1
200000	after	8	L07	0.0293	-0.1346	0.1639	6.302	0.0000	4
200000	after	9	L08	0.0975	-0.1947	0.2922	9.597	0.0000	9
200000	after	10	L09	0.1108	-0.2056	0.3164	8.288	0.0010	9
200000	after	11	L10	0.1168	-0.2103	0.3270	9.827	0.0000	9
200000	after	12	L11	0.1276	-0.2204	0.3480	10.365	0.0000	9
200000	after	13	L12	0.1312	-0.2234	0.3546	9.712	0.0000	9
200000	after	14	L13	0.1338	-0.2254	0.3592	11.138	0.0000	9
200000	after	15	L14	0.1347	-0.2261	0.3607	9.895	0.0000	9
200000	after	16	L15	0.1605	-0.2484	0.4089	10.061	0.0000	9
220000	final	0	embed	-0.0924	-0.0167	-0.0758	-1.311	0.9490	0
220000	final	1	L00	-0.0848	-0.0274	-0.0574	-0.837	0.7940	2
220000	final	2	L01	-0.0852	-0.0277	-0.0575	-0.837	0.7850	2
220000	final	3	L02	-0.0899	-0.0267	-0.0631	-1.188	0.9080	0
220000	final	4	L03	-0.0867	-0.0318	-0.0549	-1.576	0.9720	0
220000	final	5	L04	-0.0785	-0.0393	-0.0392	-1.356	0.9260	0
220000	final	6	L05	-0.0736	-0.0439	-0.0297	-1.181	0.8860	0
220000	final	7	L06	-0.0611	-0.0553	-0.0058	-0.264	0.5710	0
220000	final	8	L07	-0.0432	-0.0717	0.0285	1.400	0.0950	0
220000	final	9	L08	-0.0396	-0.0749	0.0353	1.704	0.0590	0
220000	final	10	L09	-0.0351	-0.0791	0.0440	2.076	0.0350	0
220000	final	11	L10	-0.0333	-0.0808	0.0475	2.349	0.0190	0
220000	final	12	L11	-0.0325	-0.0814	0.0488	2.549	0.0090	0
220000	final	13	L12	-0.0286	-0.0848	0.0562	2.939	0.0050	0
220000	final	14	L13	-0.0276	-0.0856	0.0580	2.988	0.0030	0
220000	final	15	L14	-0.0268	-0.0863	0.0595	2.985	0.0030	0
220000	final	16	L15	-0.0279	-0.0855	0.0575	2.765	0.0130	1
220000	after	0	embed	-0.1109	-0.0094	-0.1015	-0.799	0.6860	1
220000	after	1	L00	-0.1112	-0.0083	-0.1029	-1.119	0.9840	0
220000	after	2	L01	-0.1002	-0.0155	-0.0847	-1.218	0.9600	0
220000	after	3	L02	-0.0973	-0.0221	-0.0752	-1.253	0.9510	0
220000	after	4	L03	-0.0881	-0.0305	-0.0577	-1.555	0.9830	0
220000	after	5	L04	-0.0792	-0.0394	-0.0398	-1.220	0.9200	0
220000	after	6	L05	-0.0426	-0.0713	0.0287	1.114	0.1220	0
220000	after	7	L06	-0.0055	-0.1043	0.0988	4.078	0.0000	2
220000	after	8	L07	0.0401	-0.1444	0.1844	6.889	0.0000	4
220000	after	9	L08	0.1114	-0.2055	0.3169	9.843	0.0000	9
220000	after	10	L09	0.1213	-0.2135	0.3348	9.554	0.0000	9
220000	after	11	L10	0.1241	-0.2156	0.3397	9.227	0.0000	9
220000	after	12	L11	0.1354	-0.2266	0.3620	9.444	0.0010	9
220000	after	13	L12	0.1398	-0.2299	0.3696	9.419	0.0000	9
220000	after	14	L13	0.1427	-0.2318	0.3745	10.217	0.0000	9
220000	after	15	L14	0.1395	-0.2287	0.3682	9.080	0.0000	9
220000	after	16	L15	0.1395	-0.2284	0.3680	9.134	0.0000	9
240000	final	0	embed	-0.0921	-0.0170	-0.0750	-1.305	0.9470	0
240000	final	1	L00	-0.0865	-0.0279	-0.0585	-0.886	0.8110	2
240000	final	2	L01	-0.0860	-0.0284	-0.0576	-0.913	0.8030	2
240000	final	3	L02	-0.0904	-0.0272	-0.0632	-1.173	0.9090	0
240000	final	4	L03	-0.0880	-0.0316	-0.0565	-1.689	0.9780	0
240000	final	5	L04	-0.0804	-0.0382	-0.0423	-1.585	0.9670	0
240000	final	6	L05	-0.0724	-0.0452	-0.0272	-1.205	0.8960	0
240000	final	7	L06	-0.0585	-0.0577	-0.0008	-0.027	0.4920	0
240000	final	8	L07	-0.0353	-0.0788	0.0434	2.256	0.0230	0
240000	final	9	L08	-0.0265	-0.0867	0.0603	3.064	0.0040	0
240000	final	10	L09	-0.0192	-0.0934	0.0743	3.659	0.0020	1
240000	final	11	L10	-0.0171	-0.0953	0.0782	3.859	0.0010	1
240000	final	12	L11	-0.0161	-0.0961	0.0800	4.176	0.0000	1
240000	final	13	L12	-0.0110	-0.1006	0.0897	4.405	0.0000	1
240000	final	14	L13	-0.0092	-0.1022	0.0930	4.701	0.0000	1
240000	final	15	L14	-0.0075	-0.1037	0.0961	4.906	0.0000	1
240000	final	16	L15	-0.0045	-0.1063	0.1018	4.504	0.0020	3
240000	after	0	embed	-0.1099	-0.0082	-0.1017	-0.773	1.0000	1
240000	after	1	L00	-0.1054	-0.0010	-0.1045	-1.014	0.9940	0
240000	after	2	L01	-0.0998	-0.0155	-0.0843	-1.200	0.9650	0
240000	after	3	L02	-0.0983	-0.0210	-0.0773	-1.319	0.9630	0
240000	after	4	L03	-0.0894	-0.0298	-0.0595	-1.598	0.9800	0
240000	after	5	L04	-0.0765	-0.0394	-0.0371	-1.145	0.9120	0
240000	after	6	L05	-0.0387	-0.0749	0.0362	1.478	0.0710	0
240000	after	7	L06	0.0132	-0.1207	0.1339	5.404	0.0000	2
240000	after	8	L07	0.0611	-0.1626	0.2237	7.981	0.0000	7
240000	after	9	L08	0.1339	-0.2241	0.3580	10.164	0.0000	9
240000	after	10	L09	0.1483	-0.2355	0.3839	9.740	0.0000	9
240000	after	11	L10	0.1537	-0.2394	0.3930	10.037	0.0000	9
240000	after	12	L11	0.1596	-0.2458	0.4054	10.463	0.0000	9
240000	after	13	L12	0.1630	-0.2488	0.4118	9.616	0.0000	9
240000	after	14	L13	0.1637	-0.2491	0.4128	9.599	0.0000	9
240000	after	15	L14	0.1650	-0.2500	0.4149	9.678	0.0000	9
240000	after	16	L15	0.1808	-0.2635	0.4443	9.944	0.0000	9
260000	final	0	embed	-0.0914	-0.0174	-0.0741	-1.297	0.9490	0
260000	final	1	L00	-0.0877	-0.0285	-0.0592	-0.880	0.8030	2
260000	final	2	L01	-0.0873	-0.0289	-0.0584	-0.828	0.7910	2
260000	final	3	L02	-0.0909	-0.0277	-0.0631	-1.243	0.9220	0
260000	final	4	L03	-0.0859	-0.0338	-0.0521	-1.620	0.9770	0
260000	final	5	L04	-0.0771	-0.0414	-0.0357	-1.328	0.9310	0
260000	final	6	L05	-0.0708	-0.0472	-0.0236	-1.024	0.8480	0
260000	final	7	L06	-0.0584	-0.0584	-0.0000	0.054	0.4720	0
260000	final	8	L07	-0.0360	-0.0786	0.0426	2.174	0.0200	0
260000	final	9	L08	-0.0314	-0.0826	0.0512	2.565	0.0100	0
260000	final	10	L09	-0.0257	-0.0879	0.0622	3.365	0.0010	0
260000	final	11	L10	-0.0253	-0.0883	0.0630	3.322	0.0040	0
260000	final	12	L11	-0.0252	-0.0883	0.0631	3.333	0.0000	0
260000	final	13	L12	-0.0210	-0.0919	0.0709	3.902	0.0010	0
260000	final	14	L13	-0.0206	-0.0923	0.0718	3.990	0.0010	1
260000	final	15	L14	-0.0182	-0.0944	0.0762	3.986	0.0000	1
260000	final	16	L15	-0.0148	-0.0973	0.0824	3.594	0.0070	1
260000	after	0	embed	-0.1100	-0.0083	-0.1017	-0.816	0.6850	1
260000	after	1	L00	-0.1080	-0.0030	-0.1051	-1.040	0.9930	0
260000	after	2	L01	-0.1019	-0.0167	-0.0852	-1.166	0.9600	0
260000	after	3	L02	-0.0983	-0.0209	-0.0774	-1.335	0.9500	0
260000	after	4	L03	-0.0859	-0.0327	-0.0532	-1.650	0.9770	0
260000	after	5	L04	-0.0741	-0.0436	-0.0305	-1.094	0.8680	0
260000	after	6	L05	-0.0365	-0.0773	0.0408	1.748	0.0510	0
260000	after	7	L06	0.0136	-0.1205	0.1340	5.630	0.0000	3
260000	after	8	L07	0.0597	-0.1604	0.2201	8.237	0.0000	5
260000	after	9	L08	0.1301	-0.2222	0.3523	9.187	0.0000	9
260000	after	10	L09	0.1433	-0.2324	0.3758	9.368	0.0000	9
260000	after	11	L10	0.1468	-0.2346	0.3814	10.285	0.0000	9
260000	after	12	L11	0.1461	-0.2356	0.3817	10.552	0.0000	9
260000	after	13	L12	0.1481	-0.2373	0.3854	10.849	0.0000	9
260000	after	14	L13	0.1507	-0.2393	0.3899	9.850	0.0000	9
260000	after	15	L14	0.1520	-0.2403	0.3923	9.313	0.0000	9
260000	after	16	L15	0.1601	-0.2471	0.4072	9.295	0.0000	9
280000	final	0	embed	-0.0906	-0.0175	-0.0731	-1.207	0.9590	0
280000	final	1	L00	-0.0863	-0.0267	-0.0596	-0.915	0.8270	2
280000	final	2	L01	-0.0853	-0.0276	-0.0578	-0.866	0.7850	2
280000	final	3	L02	-0.0912	-0.0258	-0.0654	-1.213	0.9230	0
280000	final	4	L03	-0.0872	-0.0320	-0.0552	-1.717	0.9910	0
280000	final	5	L04	-0.0771	-0.0410	-0.0361	-1.279	0.9080	0
280000	final	6	L05	-0.0713	-0.0467	-0.0246	-1.134	0.8750	0
280000	final	7	L06	-0.0600	-0.0569	-0.0030	-0.140	0.5330	0
280000	final	8	L07	-0.0389	-0.0761	0.0372	1.764	0.0510	0
280000	final	9	L08	-0.0339	-0.0804	0.0465	2.314	0.0200	0
280000	final	10	L09	-0.0287	-0.0852	0.0565	2.943	0.0040	0
280000	final	11	L10	-0.0286	-0.0854	0.0568	2.960	0.0040	0
280000	final	12	L11	-0.0287	-0.0853	0.0567	3.108	0.0000	0
280000	final	13	L12	-0.0251	-0.0885	0.0634	3.462	0.0010	0
280000	final	14	L13	-0.0254	-0.0882	0.0628	3.392	0.0010	0
280000	final	15	L14	-0.0257	-0.0878	0.0620	3.325	0.0020	1
280000	final	16	L15	-0.0268	-0.0865	0.0597	2.727	0.0150	2
280000	after	0	embed	-0.1096	-0.0079	-0.1017	-0.817	1.0000	1
280000	after	1	L00	-0.1075	-0.0070	-0.1006	-1.042	0.9740	0
280000	after	2	L01	-0.1019	-0.0167	-0.0852	-1.243	0.9610	0
280000	after	3	L02	-0.0976	-0.0230	-0.0745	-1.275	0.9510	0
280000	after	4	L03	-0.0847	-0.0336	-0.0511	-1.483	0.9740	0
280000	after	5	L04	-0.0711	-0.0447	-0.0264	-0.939	0.8220	0
280000	after	6	L05	-0.0280	-0.0844	0.0564	2.347	0.0210	0
280000	after	7	L06	0.0363	-0.1414	0.1778	7.013	0.0000	5
280000	after	8	L07	0.0775	-0.1775	0.2550	8.764	0.0000	8
280000	after	9	L08	0.1243	-0.2168	0.3410	8.953	0.0010	9
280000	after	10	L09	0.1382	-0.2284	0.3666	9.644	0.0000	9
280000	after	11	L10	0.1420	-0.2309	0.3729	9.906	0.0000	9
280000	after	12	L11	0.1453	-0.2350	0.3803	10.252	0.0000	9
280000	after	13	L12	0.1494	-0.2384	0.3878	10.825	0.0000	9
280000	after	14	L13	0.1514	-0.2398	0.3912	9.348	0.0000	9
280000	after	15	L14	0.1513	-0.2397	0.3909	9.920	0.0000	9
280000	after	16	L15	0.1465	-0.2363	0.3828	9.440	0.0000	9
300000	final	0	embed	-0.0895	-0.0175	-0.0720	-1.199	0.9430	2
300000	final	1	L00	-0.0877	-0.0276	-0.0601	-0.910	0.8270	2
300000	final	2	L01	-0.0876	-0.0279	-0.0598	-0.866	0.8010	2
300000	final	3	L02	-0.0927	-0.0251	-0.0676	-1.264	0.9360	0
300000	final	4	L03	-0.0875	-0.0321	-0.0554	-1.836	0.9940	0
300000	final	5	L04	-0.0776	-0.0411	-0.0365	-1.422	0.9390	0
300000	final	6	L05	-0.0706	-0.0477	-0.0229	-1.031	0.8550	0
300000	final	7	L06	-0.0578	-0.0592	0.0013	0.021	0.4700	0
300000	final	8	L07	-0.0342	-0.0803	0.0461	2.627	0.0100	0
300000	final	9	L08	-0.0276	-0.0861	0.0584	3.051	0.0040	1
300000	final	10	L09	-0.0212	-0.0919	0.0706	3.580	0.0000	1
300000	final	11	L10	-0.0214	-0.0917	0.0702	3.729	0.0010	0
300000	final	12	L11	-0.0218	-0.0914	0.0696	3.630	0.0020	0
300000	final	13	L12	-0.0182	-0.0944	0.0762	4.165	0.0000	1
300000	final	14	L13	-0.0192	-0.0935	0.0743	4.031	0.0000	0
300000	final	15	L14	-0.0202	-0.0926	0.0724	3.954	0.0010	2
300000	final	16	L15	-0.0198	-0.0927	0.0729	3.336	0.0070	1
300000	after	0	embed	-0.1097	-0.0080	-0.1017	-0.805	0.7260	1
300000	after	1	L00	-0.1082	-0.0047	-0.1035	-1.054	0.9840	0
300000	after	2	L01	-0.1010	-0.0154	-0.0857	-1.162	0.9650	0
300000	after	3	L02	-0.0994	-0.0204	-0.0790	-1.311	0.9720	0
300000	after	4	L03	-0.0862	-0.0313	-0.0549	-1.684	0.9830	0
300000	after	5	L04	-0.0747	-0.0413	-0.0334	-1.240	0.9220	0
300000	after	6	L05	-0.0327	-0.0801	0.0474	2.029	0.0360	0
300000	after	7	L06	0.0308	-0.1362	0.1670	6.451	0.0000	4
300000	after	8	L07	0.0731	-0.1731	0.2461	8.452	0.0000	7
300000	after	9	L08	0.1234	-0.2157	0.3390	9.892	0.0000	9
300000	after	10	L09	0.1347	-0.2247	0.3594	9.835	0.0000	9
300000	after	11	L10	0.1406	-0.2291	0.3698	10.289	0.0000	9
300000	after	12	L11	0.1425	-0.2316	0.3742	9.350	0.0010	9
300000	after	13	L12	0.1462	-0.2345	0.3807	10.208	0.0000	9
300000	after	14	L13	0.1496	-0.2371	0.3867	9.902	0.0000	9
300000	after	15	L14	0.1501	-0.2373	0.3875	10.387	0.0000	9
300000	after	16	L15	0.1661	-0.2513	0.4174	9.610	0.0000	9
320000	final	0	embed	-0.0893	-0.0173	-0.0720	-1.203	0.9370	2
320000	final	1	L00	-0.0865	-0.0266	-0.0599	-0.951	0.8400	2
320000	final	2	L01	-0.0862	-0.0271	-0.0591	-0.937	0.8330	2
320000	final	3	L02	-0.0906	-0.0265	-0.0641	-1.185	0.9170	0
320000	final	4	L03	-0.0845	-0.0347	-0.0498	-1.656	0.9750	0
320000	final	5	L04	-0.0774	-0.0412	-0.0361	-1.422	0.9440	0
320000	final	6	L05	-0.0685	-0.0493	-0.0192	-0.862	0.8090	0
320000	final	7	L06	-0.0546	-0.0619	0.0074	0.384	0.3280	0
320000	final	8	L07	-0.0316	-0.0826	0.0509	2.746	0.0060	1
320000	final	9	L08	-0.0267	-0.0869	0.0602	3.071	0.0050	1
320000	final	10	L09	-0.0199	-0.0931	0.0732	3.956	0.0000	1
320000	final	11	L10	-0.0205	-0.0926	0.0721	3.747	0.0010	1
320000	final	12	L11	-0.0207	-0.0924	0.0717	3.729	0.0010	0
320000	final	13	L12	-0.0168	-0.0958	0.0790	4.419	0.0000	1
320000	final	14	L13	-0.0192	-0.0936	0.0744	3.940	0.0010	1
320000	final	15	L14	-0.0192	-0.0935	0.0743	4.040	0.0020	0
320000	final	16	L15	-0.0176	-0.0949	0.0773	3.366	0.0060	2
320000	after	0	embed	-0.1100	-0.0083	-0.1016	-0.847	1.0000	1
320000	after	1	L00	-0.1102	-0.0038	-0.1064	-1.084	0.9980	0
320000	after	2	L01	-0.1010	-0.0152	-0.0857	-1.244	0.9650	0
320000	after	3	L02	-0.0981	-0.0212	-0.0769	-1.300	0.9530	0
320000	after	4	L03	-0.0843	-0.0334	-0.0510	-1.566	0.9700	0
320000	after	5	L04	-0.0747	-0.0405	-0.0342	-1.183	0.8940	0
320000	after	6	L05	-0.0320	-0.0801	0.0480	2.085	0.0220	0
320000	after	7	L06	0.0415	-0.1452	0.1867	7.056	0.0000	6
320000	after	8	L07	0.0817	-0.1799	0.2615	9.280	0.0000	8
320000	after	9	L08	0.1286	-0.2194	0.3480	9.378	0.0000	9
320000	after	10	L09	0.1402	-0.2289	0.3691	9.958	0.0000	9
320000	after	11	L10	0.1421	-0.2300	0.3721	10.443	0.0000	9
320000	after	12	L11	0.1446	-0.2342	0.3788	10.061	0.0000	9
320000	after	13	L12	0.1469	-0.2361	0.3830	10.643	0.0000	9
320000	after	14	L13	0.1505	-0.2388	0.3893	9.941	0.0000	9
320000	after	15	L14	0.1496	-0.2378	0.3874	9.457	0.0000	9
320000	after	16	L15	0.1643	-0.2508	0.4151	9.773	0.0000	9
340000	final	0	embed	-0.0894	-0.0173	-0.0720	-1.215	0.9440	2
340000	final	1	L00	-0.0855	-0.0264	-0.0591	-0.900	0.8160	2
340000	final	2	L01	-0.0861	-0.0264	-0.0597	-0.901	0.8250	2
340000	final	3	L02	-0.0921	-0.0247	-0.0674	-1.265	0.9400	0
340000	final	4	L03	-0.0861	-0.0333	-0.0528	-1.731	0.9780	0
340000	final	5	L04	-0.0747	-0.0434	-0.0313	-1.147	0.8850	0
340000	final	6	L05	-0.0662	-0.0513	-0.0149	-0.704	0.7510	0
340000	final	7	L06	-0.0525	-0.0637	0.0111	0.512	0.2910	0
340000	final	8	L07	-0.0236	-0.0894	0.0659	3.481	0.0020	1
340000	final	9	L08	-0.0189	-0.0936	0.0747	3.824	0.0010	1
340000	final	10	L09	-0.0120	-0.1000	0.0881	4.455	0.0000	1
340000	final	11	L10	-0.0124	-0.0997	0.0872	4.750	0.0000	1
340000	final	12	L11	-0.0116	-0.1004	0.0888	4.503	0.0020	1
340000	final	13	L12	-0.0086	-0.1030	0.0944	4.863	0.0010	1
340000	final	14	L13	-0.0108	-0.1009	0.0901	4.998	0.0000	1
340000	final	15	L14	-0.0133	-0.0987	0.0854	4.347	0.0000	1
340000	final	16	L15	-0.0102	-0.1010	0.0908	4.058	0.0030	4
340000	after	0	embed	-0.1100	-0.0085	-0.1016	-0.747	0.7690	1
340000	after	1	L00	-0.1121	-0.0046	-0.1075	-1.134	0.9990	0
340000	after	2	L01	-0.1033	-0.0133	-0.0900	-1.290	0.9840	0
340000	after	3	L02	-0.1004	-0.0200	-0.0805	-1.377	0.9730	0
340000	after	4	L03	-0.0858	-0.0312	-0.0545	-1.622	0.9840	0
340000	after	5	L04	-0.0745	-0.0413	-0.0332	-1.145	0.9090	0
340000	after	6	L05	-0.0302	-0.0821	0.0519	2.412	0.0150	0
340000	after	7	L06	0.0259	-0.1313	0.1572	6.558	0.0000	5
340000	after	8	L07	0.0700	-0.1703	0.2403	8.206	0.0000	8
340000	after	9	L08	0.1260	-0.2179	0.3439	9.482	0.0000	9
340000	after	10	L09	0.1375	-0.2271	0.3646	10.474	0.0000	9
340000	after	11	L10	0.1382	-0.2269	0.3652	9.965	0.0000	9
340000	after	12	L11	0.1434	-0.2331	0.3765	9.611	0.0010	9
340000	after	13	L12	0.1486	-0.2376	0.3862	10.073	0.0000	9
340000	after	14	L13	0.1533	-0.2412	0.3944	10.392	0.0000	9
340000	after	15	L14	0.1536	-0.2412	0.3949	10.215	0.0000	9
340000	after	16	L15	0.1710	-0.2568	0.4278	10.462	0.0000	9
360000	final	0	embed	-0.0894	-0.0179	-0.0715	-1.210	0.9350	2
360000	final	1	L00	-0.0862	-0.0283	-0.0579	-0.877	0.8040	2
360000	final	2	L01	-0.0864	-0.0285	-0.0579	-0.873	0.7930	2
360000	final	3	L02	-0.0902	-0.0269	-0.0633	-1.124	0.9150	0
360000	final	4	L03	-0.0859	-0.0337	-0.0522	-1.684	0.9810	0
360000	final	5	L04	-0.0766	-0.0415	-0.0350	-1.380	0.9410	0
360000	final	6	L05	-0.0682	-0.0493	-0.0189	-0.856	0.7960	0
360000	final	7	L06	-0.0552	-0.0611	0.0059	0.336	0.3480	0
360000	final	8	L07	-0.0293	-0.0844	0.0551	2.821	0.0040	0
360000	final	9	L08	-0.0246	-0.0886	0.0640	3.358	0.0010	1
360000	final	10	L09	-0.0191	-0.0937	0.0745	3.876	0.0000	1
360000	final	11	L10	-0.0211	-0.0920	0.0709	3.743	0.0010	1
360000	final	12	L11	-0.0199	-0.0929	0.0730	3.986	0.0010	1
360000	final	13	L12	-0.0152	-0.0971	0.0819	4.432	0.0000	1
360000	final	14	L13	-0.0159	-0.0963	0.0804	4.612	0.0000	1
360000	final	15	L14	-0.0157	-0.0964	0.0807	4.337	0.0010	2
360000	final	16	L15	-0.0118	-0.0995	0.0877	4.135	0.0010	3
360000	after	0	embed	-0.1103	-0.0087	-0.1016	-0.796	0.7710	1
360000	after	1	L00	-0.1130	-0.0064	-0.1066	-1.093	0.9990	0
360000	after	2	L01	-0.1037	-0.0153	-0.0885	-1.202	0.9700	0
360000	after	3	L02	-0.1000	-0.0199	-0.0801	-1.424	0.9700	0
360000	after	4	L03	-0.0848	-0.0332	-0.0516	-1.616	0.9760	0
360000	after	5	L04	-0.0747	-0.0421	-0.0325	-1.190	0.8940	0
360000	after	6	L05	-0.0302	-0.0822	0.0520	2.323	0.0200	0
360000	after	7	L06	0.0401	-0.1443	0.1844	7.155	0.0000	5
360000	after	8	L07	0.0860	-0.1843	0.2703	8.471	0.0000	9
360000	after	9	L08	0.1346	-0.2255	0.3600	10.720	0.0000	9
360000	after	10	L09	0.1472	-0.2354	0.3826	10.490	0.0000	9
360000	after	11	L10	0.1453	-0.2330	0.3782	11.186	0.0000	9
360000	after	12	L11	0.1480	-0.2363	0.3843	10.641	0.0000	9
360000	after	13	L12	0.1533	-0.2406	0.3939	9.251	0.0000	9
360000	after	14	L13	0.1583	-0.2445	0.4028	9.430	0.0000	9
360000	after	15	L14	0.1593	-0.2449	0.4042	10.246	0.0000	9
360000	after	16	L15	0.1735	-0.2572	0.4306	10.108	0.0000	9
380000	final	0	embed	-0.0892	-0.0181	-0.0711	-1.232	0.9380	2
380000	final	1	L00	-0.0870	-0.0273	-0.0597	-0.885	0.8070	2
380000	final	2	L01	-0.0868	-0.0275	-0.0592	-0.907	0.8110	2
380000	final	3	L02	-0.0918	-0.0259	-0.0659	-1.265	0.9250	0
380000	final	4	L03	-0.0855	-0.0342	-0.0513	-1.614	0.9740	0
380000	final	5	L04	-0.0759	-0.0427	-0.0331	-1.250	0.9060	0
380000	final	6	L05	-0.0667	-0.0510	-0.0158	-0.807	0.7940	0
380000	final	7	L06	-0.0535	-0.0628	0.0092	0.479	0.3100	0
380000	final	8	L07	-0.0262	-0.0874	0.0611	3.367	0.0030	1
380000	final	9	L08	-0.0224	-0.0908	0.0684	3.642	0.0010	1
380000	final	10	L09	-0.0165	-0.0962	0.0797	4.329	0.0010	1
380000	final	11	L10	-0.0179	-0.0949	0.0770	4.133	0.0000	1
380000	final	12	L11	-0.0183	-0.0946	0.0763	4.307	0.0000	1
380000	final	13	L12	-0.0144	-0.0980	0.0837	4.709	0.0000	1
380000	final	14	L13	-0.0154	-0.0971	0.0817	4.614	0.0000	1
380000	final	15	L14	-0.0158	-0.0966	0.0808	4.624	0.0010	1
380000	final	16	L15	-0.0134	-0.0984	0.0850	3.911	0.0020	4
380000	after	0	embed	-0.1102	-0.0086	-0.1016	-0.766	0.9870	1
380000	after	1	L00	-0.1126	-0.0052	-0.1074	-1.134	0.9980	0
380000	after	2	L01	-0.1022	-0.0169	-0.0853	-1.180	0.9620	0
380000	after	3	L02	-0.0999	-0.0201	-0.0798	-1.335	0.9650	0
380000	after	4	L03	-0.0864	-0.0321	-0.0543	-1.659	0.9840	0
380000	after	5	L04	-0.0749	-0.0417	-0.0332	-1.194	0.9100	0
380000	after	6	L05	-0.0367	-0.0764	0.0397	1.951	0.0320	0
380000	after	7	L06	0.0303	-0.1357	0.1660	7.085	0.0000	5
380000	after	8	L07	0.0820	-0.1809	0.2628	9.237	0.0000	8
380000	after	9	L08	0.1351	-0.2263	0.3613	9.966	0.0000	9
380000	after	10	L09	0.1445	-0.2337	0.3782	10.525	0.0000	9
380000	after	11	L10	0.1434	-0.2322	0.3756	10.714	0.0000	9
380000	after	12	L11	0.1441	-0.2344	0.3785	10.679	0.0000	9
380000	after	13	L12	0.1478	-0.2374	0.3853	9.907	0.0000	9
380000	after	14	L13	0.1527	-0.2412	0.3939	9.618	0.0000	9
380000	after	15	L14	0.1511	-0.2396	0.3907	10.298	0.0000	9
380000	after	16	L15	0.1538	-0.2421	0.3958	10.136	0.0000	9
400000	final	0	embed	-0.0891	-0.0184	-0.0707	-1.177	0.9350	2
400000	final	1	L00	-0.0872	-0.0274	-0.0598	-0.895	0.8020	2
400000	final	2	L01	-0.0868	-0.0280	-0.0589	-0.899	0.8050	2
400000	final	3	L02	-0.0912	-0.0256	-0.0656	-1.243	0.9330	0
400000	final	4	L03	-0.0846	-0.0344	-0.0502	-1.605	0.9720	0
400000	final	5	L04	-0.0745	-0.0436	-0.0309	-1.196	0.9000	0
400000	final	6	L05	-0.0641	-0.0534	-0.0108	-0.495	0.6670	0
400000	final	7	L06	-0.0502	-0.0657	0.0155	0.766	0.2180	0
400000	final	8	L07	-0.0263	-0.0872	0.0609	3.253	0.0020	1
400000	final	9	L08	-0.0217	-0.0913	0.0696	3.750	0.0010	1
400000	final	10	L09	-0.0166	-0.0960	0.0794	4.090	0.0000	1
400000	final	11	L10	-0.0196	-0.0933	0.0737	3.956	0.0000	1
400000	final	12	L11	-0.0196	-0.0933	0.0736	4.219	0.0000	1
400000	final	13	L12	-0.0147	-0.0977	0.0830	4.842	0.0000	1
400000	final	14	L13	-0.0150	-0.0973	0.0823	4.910	0.0000	1
400000	final	15	L14	-0.0170	-0.0956	0.0786	4.410	0.0010	1
400000	final	16	L15	-0.0173	-0.0950	0.0778	3.528	0.0040	4
400000	after	0	embed	-0.1105	-0.0090	-0.1015	-0.786	0.6880	1
400000	after	1	L00	-0.1133	-0.0058	-0.1075	-1.038	0.9950	0
400000	after	2	L01	-0.1034	-0.0154	-0.0880	-1.315	0.9730	0
400000	after	3	L02	-0.0994	-0.0209	-0.0784	-1.377	0.9660	0
400000	after	4	L03	-0.0856	-0.0322	-0.0534	-1.549	0.9780	0
400000	after	5	L04	-0.0732	-0.0427	-0.0305	-1.061	0.8720	0
400000	after	6	L05	-0.0281	-0.0843	0.0562	2.502	0.0130	0
400000	after	7	L06	0.0421	-0.1459	0.1880	7.662	0.0000	5
400000	after	8	L07	0.0934	-0.1907	0.2841	8.607	0.0000	9
400000	after	9	L08	0.1309	-0.2215	0.3524	10.495	0.0000	9
400000	after	10	L09	0.1418	-0.2302	0.3720	10.148	0.0000	9
400000	after	11	L10	0.1396	-0.2275	0.3671	10.078	0.0000	9
400000	after	12	L11	0.1381	-0.2281	0.3661	10.099	0.0000	9
400000	after	13	L12	0.1416	-0.2310	0.3725	10.221	0.0010	9
400000	after	14	L13	0.1452	-0.2337	0.3789	9.102	0.0000	9
400000	after	15	L14	0.1445	-0.2328	0.3773	10.101	0.0000	9
400000	after	16	L15	0.1554	-0.2420	0.3974	9.291	0.0000	9
420000	final	0	embed	-0.0889	-0.0186	-0.0703	-1.168	0.9290	2
420000	final	1	L00	-0.0868	-0.0276	-0.0592	-0.857	0.7880	2
420000	final	2	L01	-0.0865	-0.0279	-0.0586	-0.868	0.7840	2
420000	final	3	L02	-0.0917	-0.0254	-0.0663	-1.283	0.9370	0
420000	final	4	L03	-0.0850	-0.0344	-0.0506	-1.687	0.9810	0
420000	final	5	L04	-0.0739	-0.0444	-0.0295	-1.226	0.9060	0
420000	final	6	L05	-0.0643	-0.0532	-0.0111	-0.596	0.6940	0
420000	final	7	L06	-0.0504	-0.0654	0.0150	0.857	0.1930	0
420000	final	8	L07	-0.0257	-0.0876	0.0619	3.569	0.0000	1
420000	final	9	L08	-0.0202	-0.0925	0.0723	3.973	0.0000	1
420000	final	10	L09	-0.0142	-0.0980	0.0838	4.662	0.0000	1
420000	final	11	L10	-0.0168	-0.0957	0.0788	4.410	0.0000	1
420000	final	12	L11	-0.0170	-0.0955	0.0785	4.362	0.0000	1
420000	final	13	L12	-0.0127	-0.0993	0.0866	4.772	0.0000	1
420000	final	14	L13	-0.0127	-0.0992	0.0865	4.800	0.0000	2
420000	final	15	L14	-0.0153	-0.0969	0.0816	4.713	0.0000	2
420000	final	16	L15	-0.0130	-0.0986	0.0856	3.885	0.0020	3
420000	after	0	embed	-0.1106	-0.0091	-0.1015	-0.835	0.9460	1
420000	after	1	L00	-0.1125	-0.0056	-0.1069	-1.153	1.0000	0
420000	after	2	L01	-0.1035	-0.0151	-0.0884	-1.316	0.9760	0
420000	after	3	L02	-0.0994	-0.0201	-0.0793	-1.384	0.9760	0
420000	after	4	L03	-0.0849	-0.0330	-0.0519	-1.650	0.9860	0
420000	after	5	L04	-0.0749	-0.0421	-0.0328	-1.200	0.9000	0
420000	after	6	L05	-0.0282	-0.0845	0.0563	2.461	0.0140	0
420000	after	7	L06	0.0552	-0.1578	0.2131	7.989	0.0000	8
420000	after	8	L07	0.1002	-0.1973	0.2974	9.486	0.0000	9
420000	after	9	L08	0.1408	-0.2313	0.3721	10.199	0.0000	9
420000	after	10	L09	0.1507	-0.2392	0.3898	10.185	0.0000	9
420000	after	11	L10	0.1452	-0.2338	0.3791	10.655	0.0000	9
420000	after	12	L11	0.1457	-0.2352	0.3809	9.534	0.0000	9
420000	after	13	L12	0.1475	-0.2368	0.3843	10.849	0.0000	9
420000	after	14	L13	0.1520	-0.2405	0.3925	9.819	0.0000	9
420000	after	15	L14	0.1499	-0.2383	0.3881	10.373	0.0000	9
420000	after	16	L15	0.1527	-0.2407	0.3934	9.481	0.0000	9
440000	final	0	embed	-0.0885	-0.0189	-0.0697	-1.150	0.9300	2
440000	final	1	L00	-0.0872	-0.0279	-0.0593	-0.888	0.8010	2
440000	final	2	L01	-0.0870	-0.0280	-0.0589	-0.869	0.8000	2
440000	final	3	L02	-0.0919	-0.0255	-0.0664	-1.336	0.9460	0
440000	final	4	L03	-0.0856	-0.0340	-0.0515	-1.786	0.9840	0
440000	final	5	L04	-0.0733	-0.0449	-0.0284	-1.149	0.8700	0
440000	final	6	L05	-0.0639	-0.0536	-0.0103	-0.521	0.6750	0
440000	final	7	L06	-0.0502	-0.0658	0.0156	0.802	0.1990	0
440000	final	8	L07	-0.0261	-0.0875	0.0614	3.287	0.0020	1
440000	final	9	L08	-0.0199	-0.0930	0.0731	3.961	0.0000	1
440000	final	10	L09	-0.0126	-0.0996	0.0871	4.751	0.0000	1
440000	final	11	L10	-0.0156	-0.0969	0.0813	4.385	0.0000	1
440000	final	12	L11	-0.0166	-0.0960	0.0794	4.292	0.0000	1
440000	final	13	L12	-0.0129	-0.0992	0.0863	4.820	0.0000	1
440000	final	14	L13	-0.0143	-0.0979	0.0836	4.803	0.0000	1
440000	final	15	L14	-0.0166	-0.0958	0.0792	4.694	0.0000	1
440000	final	16	L15	-0.0168	-0.0951	0.0783	3.854	0.0020	3
440000	after	0	embed	-0.1106	-0.0091	-0.1015	-0.779	0.6950	1
440000	after	1	L00	-0.1130	-0.0059	-0.1071	-1.182	0.9980	0
440000	after	2	L01	-0.1036	-0.0155	-0.0880	-1.340	0.9790	0
440000	after	3	L02	-0.0991	-0.0208	-0.0783	-1.437	0.9670	0
440000	after	4	L03	-0.0866	-0.0318	-0.0548	-1.721	0.9880	0
440000	after	5	L04	-0.0765	-0.0408	-0.0357	-1.306	0.9340	0
440000	after	6	L05	-0.0315	-0.0817	0.0501	2.367	0.0280	0
440000	after	7	L06	0.0479	-0.1515	0.1994	7.518	0.0000	5
440000	after	8	L07	0.0907	-0.1888	0.2795	9.387	0.0000	9
440000	after	9	L08	0.1340	-0.2250	0.3591	10.852	0.0000	9
440000	after	10	L09	0.1484	-0.2369	0.3853	10.293	0.0000	9
440000	after	11	L10	0.1436	-0.2319	0.3756	9.176	0.0000	9
440000	after	12	L11	0.1443	-0.2337	0.3780	9.937	0.0000	9
440000	after	13	L12	0.1454	-0.2346	0.3800	9.569	0.0000	9
440000	after	14	L13	0.1513	-0.2394	0.3907	9.611	0.0000	9
440000	after	15	L14	0.1490	-0.2371	0.3861	10.309	0.0000	9
440000	after	16	L15	0.1476	-0.2354	0.3830	10.278	0.0000	9
460000	final	0	embed	-0.0884	-0.0191	-0.0693	-1.133	0.9350	2
460000	final	1	L00	-0.0865	-0.0264	-0.0601	-0.892	0.7970	2
460000	final	2	L01	-0.0862	-0.0269	-0.0594	-0.916	0.8040	2
460000	final	3	L02	-0.0917	-0.0252	-0.0665	-1.290	0.9470	0
460000	final	4	L03	-0.0860	-0.0334	-0.0526	-1.793	0.9840	0
460000	final	5	L04	-0.0755	-0.0428	-0.0327	-1.320	0.9250	0
460000	final	6	L05	-0.0655	-0.0523	-0.0132	-0.621	0.7180	0
460000	final	7	L06	-0.0515	-0.0648	0.0133	0.708	0.2370	0
460000	final	8	L07	-0.0252	-0.0883	0.0631	3.351	0.0050	0
460000	final	9	L08	-0.0197	-0.0932	0.0735	3.971	0.0010	1
460000	final	10	L09	-0.0135	-0.0988	0.0853	4.534	0.0000	1
460000	final	11	L10	-0.0162	-0.0965	0.0803	4.371	0.0000	1
460000	final	12	L11	-0.0173	-0.0955	0.0781	4.214	0.0020	0
460000	final	13	L12	-0.0134	-0.0989	0.0855	4.696	0.0010	1
460000	final	14	L13	-0.0148	-0.0976	0.0828	4.797	0.0000	1
460000	final	15	L14	-0.0170	-0.0956	0.0787	4.405	0.0000	1
460000	final	16	L15	-0.0144	-0.0975	0.0831	3.977	0.0040	3
460000	after	0	embed	-0.1107	-0.0091	-0.1015	-0.817	0.7030	1
460000	after	1	L00	-0.1113	-0.0062	-0.1051	-1.135	0.9960	0
460000	after	2	L01	-0.1040	-0.0152	-0.0888	-1.292	0.9730	0
460000	after	3	L02	-0.1000	-0.0203	-0.0797	-1.427	0.9720	0
460000	after	4	L03	-0.0854	-0.0328	-0.0526	-1.594	0.9820	0
460000	after	5	L04	-0.0750	-0.0416	-0.0334	-1.236	0.9200	0
460000	after	6	L05	-0.0325	-0.0805	0.0481	2.314	0.0200	0
460000	after	7	L06	0.0450	-0.1484	0.1934	7.705	0.0000	7
460000	after	8	L07	0.0960	-0.1929	0.2889	8.688	0.0000	9
460000	after	9	L08	0.1397	-0.2291	0.3688	11.731	0.0000	9
460000	after	10	L09	0.1519	-0.2390	0.3909	10.348	0.0000	9
460000	after	11	L10	0.1509	-0.2372	0.3882	10.608	0.0000	9
460000	after	12	L11	0.1484	-0.2360	0.3844	9.842	0.0000	9
460000	after	13	L12	0.1518	-0.2390	0.3908	9.848	0.0000	9
460000	after	14	L13	0.1590	-0.2447	0.4037	9.821	0.0010	9
460000	after	15	L14	0.1583	-0.2439	0.4022	10.423	0.0000	9
460000	after	16	L15	0.1489	-0.2348	0.3837	9.510	0.0000	9
480000	final	0	embed	-0.0883	-0.0193	-0.0691	-1.097	0.9220	2
480000	final	1	L00	-0.0864	-0.0270	-0.0594	-0.886	0.7890	2
480000	final	2	L01	-0.0863	-0.0273	-0.0589	-0.918	0.8150	2
480000	final	3	L02	-0.0912	-0.0259	-0.0653	-1.227	0.9380	0
480000	final	4	L03	-0.0848	-0.0346	-0.0502	-1.629	0.9720	0
480000	final	5	L04	-0.0736	-0.0446	-0.0290	-1.170	0.8940	0
480000	final	6	L05	-0.0646	-0.0532	-0.0115	-0.572	0.7010	0
480000	final	7	L06	-0.0517	-0.0646	0.0129	0.683	0.2310	0
480000	final	8	L07	-0.0280	-0.0860	0.0580	3.297	0.0020	0
480000	final	9	L08	-0.0238	-0.0896	0.0659	3.569	0.0000	1
480000	final	10	L09	-0.0176	-0.0953	0.0777	4.240	0.0000	1
480000	final	11	L10	-0.0205	-0.0927	0.0723	4.146	0.0000	0
480000	final	12	L11	-0.0220	-0.0913	0.0693	3.927	0.0000	0
480000	final	13	L12	-0.0186	-0.0944	0.0758	4.396	0.0000	0
480000	final	14	L13	-0.0203	-0.0928	0.0725	4.415	0.0000	0
480000	final	15	L14	-0.0226	-0.0907	0.0681	4.126	0.0010	0
480000	final	16	L15	-0.0232	-0.0897	0.0665	3.418	0.0030	3
480000	after	0	embed	-0.1105	-0.0091	-0.1015	-0.791	0.9740	1
480000	after	1	L00	-0.1119	-0.0071	-0.1048	-1.113	0.9980	0
480000	after	2	L01	-0.1036	-0.0155	-0.0881	-1.255	0.9710	0
480000	after	3	L02	-0.0991	-0.0207	-0.0784	-1.368	0.9650	0
480000	after	4	L03	-0.0861	-0.0320	-0.0541	-1.732	0.9930	0
480000	after	5	L04	-0.0762	-0.0407	-0.0355	-1.364	0.9340	0
480000	after	6	L05	-0.0290	-0.0836	0.0546	2.446	0.0160	0
480000	after	7	L06	0.0432	-0.1473	0.1905	7.363	0.0000	5
480000	after	8	L07	0.0899	-0.1884	0.2783	8.578	0.0010	9
480000	after	9	L08	0.1258	-0.2174	0.3432	10.169	0.0000	9
480000	after	10	L09	0.1399	-0.2289	0.3689	10.241	0.0000	9
480000	after	11	L10	0.1367	-0.2254	0.3621	9.833	0.0000	9
480000	after	12	L11	0.1348	-0.2247	0.3595	9.895	0.0000	9
480000	after	13	L12	0.1387	-0.2281	0.3668	10.156	0.0000	9
480000	after	14	L13	0.1445	-0.2327	0.3772	9.569	0.0000	9
480000	after	15	L14	0.1441	-0.2322	0.3763	9.125	0.0000	9
480000	after	16	L15	0.1375	-0.2258	0.3632	9.278	0.0000	9
500000	final	0	embed	-0.0883	-0.0194	-0.0688	-1.118	0.9180	2
500000	final	1	L00	-0.0872	-0.0279	-0.0593	-0.855	0.7810	2
500000	final	2	L01	-0.0871	-0.0281	-0.0590	-0.930	0.8220	2
500000	final	3	L02	-0.0920	-0.0256	-0.0664	-1.236	0.9380	0
500000	final	4	L03	-0.0865	-0.0331	-0.0534	-1.755	0.9860	0
500000	final	5	L04	-0.0749	-0.0435	-0.0314	-1.251	0.9080	0
500000	final	6	L05	-0.0653	-0.0525	-0.0128	-0.676	0.7440	0
500000	final	7	L06	-0.0520	-0.0643	0.0123	0.696	0.2500	0
500000	final	8	L07	-0.0286	-0.0853	0.0567	2.996	0.0030	0
500000	final	9	L08	-0.0234	-0.0898	0.0664	3.775	0.0000	0
500000	final	10	L09	-0.0184	-0.0945	0.0761	4.177	0.0000	0
500000	final	11	L10	-0.0219	-0.0914	0.0695	3.929	0.0010	0
500000	final	12	L11	-0.0228	-0.0906	0.0679	3.816	0.0020	0
500000	final	13	L12	-0.0201	-0.0929	0.0728	4.249	0.0000	0
500000	final	14	L13	-0.0214	-0.0918	0.0703	4.160	0.0000	0
500000	final	15	L14	-0.0229	-0.0904	0.0675	3.904	0.0000	0
500000	final	16	L15	-0.0211	-0.0918	0.0707	3.422	0.0050	3
500000	after	0	embed	-0.1107	-0.0092	-0.1015	-0.805	0.9820	1
500000	after	1	L00	-0.1123	-0.0064	-0.1059	-1.111	0.9970	0
500000	after	2	L01	-0.1046	-0.0151	-0.0895	-1.354	0.9780	0
500000	after	3	L02	-0.0997	-0.0205	-0.0792	-1.342	0.9700	0
500000	after	4	L03	-0.0864	-0.0317	-0.0546	-1.573	0.9830	0
500000	after	5	L04	-0.0766	-0.0405	-0.0361	-1.329	0.9340	0
500000	after	6	L05	-0.0303	-0.0827	0.0524	2.488	0.0160	0
500000	after	7	L06	0.0451	-0.1492	0.1943	7.657	0.0000	6
500000	after	8	L07	0.0898	-0.1883	0.2781	9.423	0.0000	8
500000	after	9	L08	0.1311	-0.2226	0.3537	9.738	0.0010	9
500000	after	10	L09	0.1434	-0.2325	0.3759	9.556	0.0010	9
500000	after	11	L10	0.1411	-0.2299	0.3710	10.595	0.0000	9
500000	after	12	L11	0.1408	-0.2313	0.3721	9.751	0.0000	9
500000	after	13	L12	0.1421	-0.2324	0.3746	9.761	0.0000	9
500000	after	14	L13	0.1476	-0.2368	0.3844	10.091	0.0000	9
500000	after	15	L14	0.1451	-0.2345	0.3796	10.104	0.0000	9
500000	after	16	L15	0.1364	-0.2266	0.3630	8.631	0.0000	9
